ExperimentID,ImageName,ImageID,FeatureID,Feature_TypeID,Feature_left,Feature_top,Feature_right,Feature_bottom
20, crop_000023.png, 1, 1, 0, 227, 68, 247, 88
20, crop_000023.png, 1, 2, 2, 200, 216, 282, 367
20, person_and_bike_087.png, 2, 1, 0, 230, 39, 258, 68
20, person_and_bike_087.png, 2, 2, 2, 151, 187, 279, 368
20, person_011.png, 3, 1, 0, 177, 107, 201, 130
20, person_011.png, 3, 2, 2, 140, 215, 261, 329
20, person_011.png, 3, 3, 2, 141, 123, 156, 140
20, person_011.png, 3, 4, 2, 154, 116, 172, 136
20, person_015.png, 4, 1, 2, 175, 192, 245, 258
20, person_and_bike_094.png, 5, 1, 0, 186, 59, 210, 82
20, person_and_bike_094.png, 5, 2, 2, 131, 190, 248, 342
20, person_073.png, 6, 1, 2, 183, 269, 268, 364
20, person_073.png, 6, 2, 2, 393, 209, 406, 228
20, crop001659.png, 7, 1, 2, 250, 192, 295, 259
20, crop001659.png, 7, 2, 2, 0, 174, 8, 192
20, person_and_bike_190.png, 8, 1, 2, 140, 220, 201, 319
20, person_and_bike_190.png, 8, 2, 2, 191, 224, 247, 332
20, person_098.png, 9, 1, 2, 93, 215, 253, 336
20, person_098.png, 9, 2, 2, 36, 209, 116, 329
20, person_098.png, 9, 3, 2, 246, 201, 397, 345
20, person_056.png, 10, 1, 2, 170, 228, 276, 378
20, crop001704.png, 11, 1, 0, 197, 130, 217, 150
20, crop001704.png, 11, 2, 0, 59, 142, 79, 162
20, crop001704.png, 11, 3, 2, 159, 232, 231, 338
20, crop001704.png, 11, 4, 2, 35, 239, 95, 338
20, crop001704.png, 11, 5, 2, 368, 301, 401, 350
20, crop001704.png, 11, 6, 2, 302, 62, 321, 93
20, crop001704.png, 11, 7, 2, 360, 14, 369, 34
20, person_096.png, 12, 1, 0, 214, 75, 248, 110
20, person_096.png, 12, 2, 2, 324, 99, 380, 173
20, person_096.png, 12, 3, 2, 294, 105, 331, 165
20, person_096.png, 12, 4, 2, 139, 203, 306, 350
20, person_096.png, 12, 5, 2, 374, 114, 416, 178
20, person_096.png, 12, 6, 2, 248, 88, 273, 110
20, person_and_bike_086.png, 13, 1, 1, 220, 52, 239, 81
20, person_and_bike_086.png, 13, 2, 2, 177, 190, 281, 329
20, crop001684.png, 14, 1, 2, 188, 185, 236, 257
20, person_052.png, 15, 1, 2, 184, 236, 243, 377
20, person_052.png, 15, 2, 2, 69, 132, 104, 194
20, crop001504.png, 16, 1, 2, 209, 237, 250, 295
20, crop001504.png, 16, 2, 2, 162, 236, 203, 292
20, person_039.png, 17, 1, 2, 170, 210, 233, 268
20, person_and_bike_099.png, 18, 1, 2, 133, 147, 276, 321
20, person_009.png, 19, 1, 2, 126, 210, 304, 395
20, person_347.png, 20, 1, 2, 275, 235, 334, 319
20, person_347.png, 20, 2, 2, 163, 224, 235, 347
20, person_347.png, 20, 3, 2, 149, 201, 188, 302
20, person_347.png, 20, 4, 2, 220, 146, 236, 168
20, person_347.png, 20, 5, 2, 231, 154, 250, 186
20, person_037.png, 21, 1, 0, 217, 158, 237, 178
20, person_037.png, 21, 2, 1, 205, 198, 219, 206
20, person_037.png, 21, 3, 2, 194, 252, 298, 353
20, person_336.png, 22, 1, 2, 185, 218, 248, 329
20, person_336.png, 22, 2, 2, 236, 213, 300, 327
20, person_336.png, 22, 3, 2, 49, 147, 68, 178
20, person_336.png, 22, 4, 2, 78, 155, 100, 193
20, person_336.png, 22, 5, 2, 108, 146, 123, 168
20, person_336.png, 22, 6, 2, 34, 140, 46, 166
20, person_194.png, 23, 1, 2, 263, 227, 297, 296
20, person_194.png, 23, 2, 2, 228, 233, 266, 306
20, person_194.png, 23, 3, 2, 167, 238, 211, 314
20, person_194.png, 23, 4, 2, 204, 234, 233, 308
20, person_194.png, 23, 5, 2, 62, 192, 70, 206
20, person_194.png, 23, 6, 2, 69, 193, 79, 206
20, person_194.png, 23, 7, 2, 253, 175, 272, 192
20, person_094.png, 24, 1, 2, 152, 224, 292, 367
20, crop001549.png, 25, 1, 2, 194, 219, 254, 306
20, crop001549.png, 25, 2, 2, 251, 241, 280, 289
20, person_136.png, 26, 1, 0, 169, 142, 189, 162
20, person_136.png, 26, 2, 1, 255, 209, 262, 231
20, person_136.png, 26, 3, 2, 206, 227, 262, 337
20, person_136.png, 26, 4, 2, 146, 236, 203, 343
20, person_and_bike_029.png, 27, 1, 0, 137, 150, 157, 170
20, person_and_bike_029.png, 27, 2, 2, 127, 273, 205, 407
20, person_and_bike_029.png, 27, 3, 2, 366, 169, 399, 232
20, person_and_bike_029.png, 27, 4, 2, 335, 187, 345, 229
20, person_and_bike_066.png, 28, 1, 0, 191, 54, 215, 77
20, person_and_bike_066.png, 28, 2, 1, 258, 167, 271, 187
20, person_and_bike_066.png, 28, 3, 1, 171, 173, 185, 198
20, person_and_bike_066.png, 28, 4, 2, 156, 198, 275, 349
20, person_085.png, 29, 1, 0, 155, 126, 179, 149
20, person_085.png, 29, 2, 2, 122, 218, 197, 323
20, person_085.png, 29, 3, 2, 200, 235, 313, 363
20, person_085.png, 29, 4, 2, 116, 125, 152, 156
20, person_085.png, 29, 5, 2, 206, 83, 227, 104
20, person_188.png, 30, 1, 2, 172, 222, 211, 292
20, person_188.png, 30, 2, 2, 0, 205, 26, 245
20, person_188.png, 30, 3, 2, 138, 227, 176, 293
20, person_188.png, 30, 4, 2, 269, 247, 306, 319
20, person_188.png, 30, 5, 2, 231, 234, 263, 307
20, person_188.png, 30, 6, 2, 301, 250, 333, 314
20, person_and_bike_107.png, 31, 1, 2, 170, 194, 269, 370
20, person_207.png, 32, 1, 2, 255, 256, 314, 356
20, person_207.png, 32, 2, 2, 192, 217, 236, 284
20, person_207.png, 32, 3, 2, 118, 212, 152, 272
20, person_207.png, 32, 4, 2, 163, 212, 192, 259
20, person_207.png, 32, 5, 2, 60, 222, 98, 286
20, person_207.png, 32, 6, 2, 181, 247, 214, 285
20, person_207.png, 32, 7, 2, 99, 207, 124, 253
20, person_207.png, 32, 8, 2, 325, 233, 348, 267
20, person_207.png, 32, 9, 2, 376, 180, 403, 216
20, person_010.png, 33, 1, 0, 198, 109, 222, 133
20, person_010.png, 33, 2, 2, 181, 232, 262, 367
20, person_010.png, 33, 3, 2, 35, 183, 73, 213
20, person_and_bike_110.png, 34, 1, 0, 201, 13, 225, 37
20, person_and_bike_110.png, 34, 2, 2, 174, 164, 265, 328
20, person_026.png, 35, 1, 0, 220, 46, 261, 87
20, person_026.png, 35, 2, 1, 147, 230, 168, 259
20, person_026.png, 35, 3, 2, 124, 209, 286, 410
20, person_and_bike_093.png, 36, 1, 0, 199, 52, 219, 72
20, person_and_bike_093.png, 36, 2, 2, 142, 185, 247, 325
20, person_033.png, 37, 1, 0, 227, 94, 256, 122
20, person_033.png, 37, 2, 1, 196, 115, 224, 135
20, person_033.png, 37, 3, 2, 116, 246, 269, 416
20, crop001715.png, 38, 1, 2, 130, 204, 177, 294
20, crop001715.png, 38, 2, 2, 163, 203, 206, 301
20, person_115.png, 39, 1, 0, 249, 95, 273, 118
20, person_115.png, 39, 2, 0, 86, 62, 120, 96
20, person_115.png, 39, 3, 0, 155, 77, 184, 105
20, person_115.png, 39, 4, 2, 127, 207, 234, 343
20, person_115.png, 39, 5, 2, 227, 218, 324, 362
20, person_115.png, 39, 6, 2, 33, 210, 156, 378
20, person_115.png, 39, 7, 2, 0, 135, 11, 162
20, crop_000020.png, 40, 1, 2, 110, 208, 189, 352
20, crop001555.png, 41, 1, 2, 66, 162, 115, 221
20, crop001555.png, 41, 2, 2, 343, 253, 387, 304
20, crop001555.png, 41, 3, 2, 203, 265, 275, 328
20, crop001555.png, 41, 4, 2, 122, 260, 186, 321
20, crop001555.png, 41, 5, 2, 235, 70, 272, 105
20, crop001555.png, 41, 6, 2, 391, 286, 416, 324
20, person_186.png, 42, 1, 2, 161, 240, 216, 331
20, person_186.png, 42, 2, 2, 221, 239, 268, 329
20, person_186.png, 42, 3, 2, 256, 203, 280, 251
20, person_186.png, 42, 4, 2, 209, 201, 230, 249
20, person_212.png, 43, 1, 2, 200, 232, 238, 306
20, crop001660.png, 44, 1, 2, 105, 218, 148, 296
20, person_263.png, 45, 1, 0, 201, 130, 221, 150
20, person_263.png, 45, 2, 0, 66, 121, 90, 145
20, person_263.png, 45, 3, 0, 143, 121, 167, 145
20, person_263.png, 45, 4, 2, 116, 252, 183, 395
20, person_263.png, 45, 5, 2, 228, 242, 280, 353
20, person_263.png, 45, 6, 2, 183, 257, 248, 393
20, person_263.png, 45, 7, 2, 1, 217, 39, 269
20, person_263.png, 45, 8, 2, 37, 196, 114, 280
20, person_065.png, 46, 1, 0, 203, 120, 223, 140
20, person_065.png, 46, 2, 2, 166, 255, 230, 396
20, person_290.png, 47, 1, 2, 191, 252, 283, 375
20, person_and_bike_096.png, 48, 1, 0, 162, 54, 186, 77
20, person_and_bike_096.png, 48, 2, 1, 166, 181, 176, 201
20, person_and_bike_096.png, 48, 3, 2, 129, 180, 222, 321
20, person_and_bike_149.png, 49, 1, 0, 155, 164, 175, 184
20, person_and_bike_149.png, 49, 2, 0, 119, 128, 139, 148
20, person_and_bike_149.png, 49, 3, 2, 127, 270, 201, 384
20, person_and_bike_149.png, 49, 4, 2, 179, 170, 189, 186
20, person_and_bike_149.png, 49, 5, 2, 108, 162, 159, 204
20, person_and_bike_149.png, 49, 6, 2, 190, 168, 198, 184
20, person_087.png, 50, 1, 0, 203, 122, 223, 142
20, person_087.png, 50, 2, 2, 195, 238, 298, 357
20, person_087.png, 50, 3, 2, 181, 221, 228, 324
20, crop001723.png, 51, 1, 0, 258, 225, 343, 310
20, crop001723.png, 51, 2, 2, 225, 280, 283, 395
20, person_and_bike_073.png, 52, 1, 0, 158, 61, 181, 85
20, person_and_bike_073.png, 52, 2, 2, 147, 216, 218, 381
20, person_and_bike_161.png, 53, 1, 0, 186, 61, 210, 85
20, person_and_bike_161.png, 53, 2, 1, 228, 204, 241, 229
20, person_and_bike_161.png, 53, 3, 2, 139, 204, 245, 354
20, person_090.png, 54, 1, 2, 189, 227, 288, 345
20, person_090.png, 54, 2, 2, 279, 167, 308, 207
20, crop001544.png, 55, 1, 2, 114, 221, 210, 344
20, crop001544.png, 55, 2, 2, 199, 225, 284, 339
20, crop_000009.png, 56, 1, 0, 172, 59, 201, 88
20, crop_000009.png, 56, 2, 1, 61, 130, 90, 149
20, crop_000009.png, 56, 3, 1, 209, 175, 230, 201
20, crop_000009.png, 56, 4, 2, 69, 211, 270, 381
20, person_120.png, 57, 1, 2, 130, 208, 236, 300
20, person_120.png, 57, 2, 2, 215, 196, 309, 286
20, person_and_bike_189.png, 58, 1, 0, 169, 93, 203, 127
20, person_and_bike_189.png, 58, 2, 2, 142, 249, 252, 411
20, person_and_bike_189.png, 58, 3, 2, 338, 103, 354, 125
20, person_and_bike_189.png, 58, 4, 2, 96, 99, 110, 116
20, person_and_bike_189.png, 58, 5, 2, 240, 94, 249, 107
20, person_and_bike_189.png, 58, 6, 2, 224, 111, 237, 135
20, person_and_bike_189.png, 58, 7, 2, 250, 100, 261, 116
20, person_159.png, 59, 1, 2, 135, 225, 170, 289
20, person_159.png, 59, 2, 2, 198, 222, 245, 302
20, person_159.png, 59, 3, 2, 292, 213, 339, 273
20, person_159.png, 59, 4, 2, 243, 228, 282, 301
20, person_159.png, 59, 5, 2, 169, 217, 205, 278
20, person_159.png, 59, 6, 2, 115, 202, 143, 248
20, person_159.png, 59, 7, 2, 0, 200, 22, 244
20, person_159.png, 59, 8, 2, 349, 192, 388, 222
20, person_076.png, 60, 1, 2, 162, 251, 251, 381
20, person_088.png, 61, 1, 2, 302, 151, 356, 213
20, person_088.png, 61, 2, 2, 132, 217, 273, 359
20, person_088.png, 61, 3, 2, 347, 152, 404, 207
20, person_088.png, 61, 4, 2, 268, 148, 319, 210
20, person_088.png, 61, 5, 2, 247, 124, 279, 166
20, person_034.png, 62, 1, 0, 154, 42, 195, 83
20, person_034.png, 62, 2, 1, 174, 173, 212, 191
20, person_034.png, 62, 3, 1, 194, 213, 229, 232
20, person_034.png, 62, 4, 2, 96, 204, 258, 403
20, crop_000019.png, 63, 1, 0, 218, 61, 241, 85
20, crop_000019.png, 63, 2, 1, 255, 200, 268, 223
20, crop_000019.png, 63, 3, 1, 206, 215, 222, 231
20, crop_000019.png, 63, 4, 2, 188, 212, 281, 384
20, person_013.png, 64, 1, 0, 230, 152, 253, 176
20, person_013.png, 64, 2, 2, 172, 243, 283, 344
20, person_and_bike_080.png, 65, 1, 0, 273, 48, 302, 76
20, person_and_bike_080.png, 65, 2, 2, 245, 235, 340, 413
20, person_and_bike_165.png, 66, 1, 0, 174, 49, 198, 73
20, person_and_bike_165.png, 66, 2, 1, 157, 173, 167, 194
20, person_and_bike_165.png, 66, 3, 1, 236, 172, 249, 189
20, person_and_bike_165.png, 66, 4, 2, 151, 174, 250, 307
20, person_012.png, 67, 1, 2, 177, 218, 250, 308
20, person_135.png, 68, 1, 0, 209, 128, 229, 148
20, person_135.png, 68, 2, 2, 200, 233, 264, 338
20, person_135.png, 68, 3, 2, 115, 242, 170, 347
20, person_135.png, 68, 4, 2, 165, 239, 211, 342
20, crop001574.png, 69, 1, 2, 166, 220, 261, 308
20, crop001574.png, 69, 2, 2, 0, 242, 35, 333
20, person_and_bike_056.png, 70, 1, 0, 227, 49, 251, 73
20, person_and_bike_056.png, 70, 2, 1, 256, 168, 272, 188
20, person_and_bike_056.png, 70, 3, 1, 204, 145, 211, 165
20, person_and_bike_056.png, 70, 4, 2, 188, 144, 284, 252
20, crop001514.png, 71, 1, 2, 231, 228, 291, 325
20, crop001514.png, 71, 2, 2, 126, 180, 167, 240
20, crop001514.png, 71, 3, 2, 160, 219, 217, 314
20, crop001514.png, 71, 4, 2, 393, 139, 402, 156
20, crop001514.png, 71, 5, 2, 268, 196, 293, 258
20, person_107.png, 72, 1, 0, 93, 131, 127, 165
20, person_107.png, 72, 2, 0, 253, 85, 281, 114
20, person_107.png, 72, 3, 1, 329, 240, 346, 262
20, person_107.png, 72, 4, 2, 45, 255, 178, 390
20, person_107.png, 72, 5, 2, 185, 224, 349, 394
20, person_107.png, 72, 6, 2, 154, 147, 173, 167
20, person_and_bike_006.png, 73, 1, 0, 155, 78, 175, 98
20, person_and_bike_006.png, 73, 2, 2, 123, 210, 215, 351
20, person_and_bike_006.png, 73, 3, 2, 57, 76, 76, 103
20, person_and_bike_006.png, 73, 4, 2, 67, 77, 89, 102
20, crop_000007.png, 74, 1, 1, 293, 219, 305, 242
20, crop_000007.png, 74, 2, 1, 271, 221, 280, 241
20, crop_000007.png, 74, 3, 2, 249, 214, 355, 356
20, person_and_bike_098.png, 75, 1, 2, 137, 168, 268, 344
20, person_063.png, 76, 1, 2, 187, 255, 266, 359
20, person_063.png, 76, 2, 2, 398, 153, 415, 180
20, crop001604.png, 77, 1, 2, 154, 242, 249, 350
20, crop_000008.png, 78, 1, 0, 293, 56, 322, 85
20, crop_000008.png, 78, 2, 1, 327, 231, 343, 262
20, crop_000008.png, 78, 3, 1, 222, 85, 236, 120
20, crop_000008.png, 78, 4, 2, 226, 218, 362, 375
20, person_and_bike_091.png, 79, 1, 1, 231, 167, 246, 188
20, person_and_bike_091.png, 79, 2, 2, 97, 184, 259, 333
20, person_and_bike_104.png, 80, 1, 1, 168, 153, 180, 178
20, person_and_bike_104.png, 80, 2, 1, 204, 179, 218, 195
20, person_and_bike_104.png, 80, 3, 2, 196, 211, 315, 382
20, person_and_bike_082.png, 81, 1, 0, 223, 44, 243, 64
20, person_and_bike_082.png, 81, 2, 2, 196, 201, 284, 359
20, crop001566.png, 82, 1, 0, 172, 111, 196, 135
20, crop001566.png, 82, 2, 1, 129, 213, 146, 229
20, crop001566.png, 82, 3, 2, 114, 210, 233, 322
20, crop001566.png, 82, 4, 2, 243, 266, 331, 319
20, crop001566.png, 82, 5, 2, 197, 211, 241, 313
20, person_and_bike_102.png, 83, 1, 0, 191, 56, 215, 80
20, person_and_bike_102.png, 83, 2, 1, 215, 185, 228, 200
20, person_and_bike_102.png, 83, 3, 2, 151, 194, 244, 353
20, crop001639.png, 84, 1, 0, 55, 110, 75, 130
20, crop001639.png, 84, 2, 0, 193, 86, 213, 106
20, crop001639.png, 84, 3, 0, 273, 102, 293, 122
20, crop001639.png, 84, 4, 2, 234, 213, 315, 343
20, crop001639.png, 84, 5, 2, 170, 197, 239, 314
20, crop001639.png, 84, 6, 2, 21, 223, 96, 339
20, crop001639.png, 84, 7, 2, 229, 126, 258, 152
20, person_193.png, 85, 1, 0, 129, 136, 149, 156
20, person_193.png, 85, 2, 2, 111, 251, 186, 371
20, person_193.png, 85, 3, 2, 209, 238, 271, 333
20, person_193.png, 85, 4, 2, 275, 210, 314, 254
20, person_193.png, 85, 5, 2, 367, 193, 397, 244
20, person_193.png, 85, 6, 2, 331, 162, 352, 186
20, person_193.png, 85, 7, 2, 396, 160, 416, 183
20, person_193.png, 85, 8, 2, 256, 201, 281, 253
20, person_and_bike_106.png, 86, 1, 1, 163, 171, 180, 188
20, person_and_bike_106.png, 86, 2, 1, 174, 63, 180, 93
20, person_and_bike_106.png, 86, 3, 2, 162, 187, 273, 341
20, person_246.png, 87, 1, 2, 117, 219, 198, 388
20, person_246.png, 87, 2, 2, 178, 230, 266, 396
20, person_and_bike_065.png, 88, 1, 0, 163, 56, 183, 76
20, person_and_bike_065.png, 88, 2, 2, 122, 161, 231, 285
20, crop001531.png, 89, 1, 2, 110, 227, 179, 319
20, crop001531.png, 89, 2, 2, 9, 193, 50, 247
20, person_134.png, 90, 1, 0, 229, 118, 249, 138
20, person_134.png, 90, 2, 0, 170, 119, 193, 142
20, person_134.png, 90, 3, 2, 142, 248, 227, 387
20, person_134.png, 90, 4, 2, 214, 247, 294, 387
20, person_134.png, 90, 5, 2, 89, 119, 105, 150
20, person_134.png, 90, 6, 2, 314, 130, 337, 173
20, person_134.png, 90, 7, 2, 273, 126, 298, 173
20, person_134.png, 90, 8, 2, 52, 134, 69, 161
20, person_134.png, 90, 9, 2, 62, 120, 77, 149
20, person_134.png, 90, 10, 2, 249, 110, 269, 137
20, person_134.png, 90, 11, 2, 353, 106, 365, 126
20, person_134.png, 90, 12, 2, 336, 101, 347, 120
20, crop_000018.png, 91, 1, 0, 112, 61, 136, 85
20, crop_000018.png, 91, 2, 2, 95, 201, 214, 378
20, crop001533.png, 92, 1, 2, 292, 229, 336, 304
20, crop001533.png, 92, 2, 2, 75, 212, 112, 261
20, crop001533.png, 92, 3, 2, 155, 208, 193, 254
20, crop001533.png, 92, 4, 2, 246, 206, 280, 253
20, crop001533.png, 92, 5, 2, 376, 198, 397, 236
20, crop001533.png, 92, 6, 2, 0, 209, 16, 267
20, crop001533.png, 92, 7, 2, 78, 175, 84, 184
20, person_and_bike_089.png, 93, 1, 2, 138, 186, 232, 332
20, person_255.png, 94, 1, 2, 142, 231, 199, 336
20, person_255.png, 94, 2, 2, 262, 238, 314, 335
20, person_and_bike_035.png, 95, 1, 2, 109, 247, 160, 363
20, person_and_bike_035.png, 95, 2, 2, 172, 242, 227, 359
20, person_249.png, 96, 1, 0, 187, 164, 207, 184
20, person_249.png, 96, 2, 0, 307, 154, 327, 174
20, person_249.png, 96, 3, 2, 136, 265, 192, 367
20, person_249.png, 96, 4, 2, 300, 252, 354, 361
20, person_249.png, 96, 5, 2, 399, 196, 416, 233
20, person_249.png, 96, 6, 2, 185, 261, 234, 362
20, person_249.png, 96, 7, 2, 265, 254, 315, 358
20, person_249.png, 96, 8, 2, 20, 231, 29, 250
20, person_249.png, 96, 9, 2, 37, 229, 51, 249
20, crop001631.png, 97, 1, 0, 318, 217, 377, 276
20, crop001631.png, 97, 2, 2, 71, 207, 111, 263
20, crop001631.png, 97, 3, 2, 121, 205, 148, 263
20, person_and_bike_164.png, 98, 1, 0, 182, 49, 205, 73
20, person_and_bike_164.png, 98, 2, 1, 237, 171, 250, 195
20, person_and_bike_164.png, 98, 3, 1, 149, 183, 156, 206
20, person_and_bike_164.png, 98, 4, 2, 140, 209, 250, 377
20, person_093.png, 99, 1, 1, 113, 211, 131, 230
20, person_093.png, 99, 2, 2, 222, 217, 336, 348
20, person_093.png, 99, 3, 2, 89, 214, 194, 340
20, crop_000021.png, 100, 1, 0, 153, 46, 173, 66
20, crop_000021.png, 100, 2, 2, 126, 189, 203, 349
20, person_008.png, 101, 1, 2, 141, 224, 287, 371
20, person_and_bike_133.png, 102, 1, 0, 185, 112, 205, 132
20, person_and_bike_133.png, 102, 2, 2, 162, 230, 233, 350
20, person_and_bike_133.png, 102, 3, 2, 232, 236, 279, 351
20, person_and_bike_133.png, 102, 4, 2, 78, 169, 96, 203
20, person_and_bike_133.png, 102, 5, 2, 406, 164, 416, 188
20, person_and_bike_058.png, 103, 1, 0, 138, 56, 162, 80
20, person_and_bike_058.png, 103, 2, 1, 143, 183, 152, 202
20, person_and_bike_058.png, 103, 3, 2, 114, 147, 197, 246
20, person_030.png, 104, 1, 0, 170, 54, 211, 95
20, person_030.png, 104, 2, 2, 93, 223, 233, 411
20, person_100.png, 105, 1, 1, 166, 144, 188, 160
20, person_100.png, 105, 2, 2, 127, 225, 209, 311
20, person_100.png, 105, 3, 2, 277, 225, 348, 304
20, person_and_bike_181.png, 106, 1, 2, 209, 252, 262, 343
20, person_and_bike_181.png, 106, 2, 2, 164, 254, 212, 346
20, person_and_bike_181.png, 106, 3, 2, 67, 214, 90, 254
20, person_210.png, 107, 1, 2, 158, 243, 220, 352
20, person_210.png, 107, 2, 2, 214, 240, 275, 346
20, person_210.png, 107, 3, 2, 307, 157, 336, 191
20, crop001602.png, 108, 1, 0, 198, 154, 222, 178
20, crop001602.png, 108, 2, 2, 167, 264, 260, 378
20, crop001633.png, 109, 1, 2, 98, 208, 157, 272
20, crop001633.png, 109, 2, 2, 246, 237, 294, 302
20, crop001633.png, 109, 3, 2, 292, 201, 318, 265
20, crop001682.png, 110, 1, 2, 295, 176, 337, 246
20, crop001682.png, 110, 2, 2, 266, 169, 296, 238
20, crop001682.png, 110, 3, 2, 210, 187, 252, 273
20, crop001682.png, 110, 4, 2, 111, 194, 148, 273
20, crop001682.png, 110, 5, 2, 79, 191, 113, 274
20, person_and_bike_046.png, 111, 1, 0, 174, 59, 198, 82
20, person_and_bike_046.png, 111, 2, 1, 232, 168, 243, 185
20, person_and_bike_046.png, 111, 3, 1, 174, 182, 188, 203
20, person_and_bike_046.png, 111, 4, 2, 128, 181, 241, 315
20, person_247.png, 112, 1, 2, 203, 230, 259, 330
20, person_247.png, 112, 2, 2, 164, 232, 206, 333
20, person_247.png, 112, 3, 2, 385, 149, 394, 165
20, person_and_bike_047.png, 113, 1, 0, 213, 68, 237, 92
20, person_and_bike_047.png, 113, 2, 1, 158, 175, 167, 194
20, person_and_bike_047.png, 113, 3, 2, 157, 204, 253, 352
20, person_204.png, 114, 1, 0, 233, 102, 253, 122
20, person_204.png, 114, 2, 2, 58, 171, 120, 276
20, person_204.png, 114, 3, 2, 325, 165, 370, 243
20, person_204.png, 114, 4, 2, 361, 228, 415, 344
20, person_204.png, 114, 5, 2, 151, 238, 210, 342
20, person_204.png, 114, 6, 2, 204, 231, 301, 350
20, person_204.png, 114, 7, 2, 291, 139, 316, 186
20, person_204.png, 114, 8, 2, 318, 109, 332, 132
20, person_204.png, 114, 9, 2, 269, 124, 288, 152
20, person_204.png, 114, 10, 2, 307, 95, 320, 113
20, crop001593.png, 115, 1, 2, 273, 242, 319, 319
20, crop001593.png, 115, 2, 2, 230, 231, 273, 303
20, crop001593.png, 115, 3, 2, 138, 235, 186, 295
20, crop001593.png, 115, 4, 2, 348, 241, 416, 311
20, crop001593.png, 115, 5, 2, 183, 233, 234, 305
20, crop001654.png, 116, 1, 0, 121, 114, 141, 134
20, crop001654.png, 116, 2, 1, 122, 105, 141, 128
20, crop001654.png, 116, 3, 2, 115, 210, 182, 320
20, person_and_bike_095.png, 117, 1, 0, 158, 66, 181, 89
20, person_and_bike_095.png, 117, 2, 1, 179, 203, 193, 224
20, person_and_bike_095.png, 117, 3, 2, 114, 203, 223, 351
20, person_265.png, 118, 1, 0, 333, 164, 353, 184
20, person_265.png, 118, 2, 2, 316, 249, 371, 343
20, person_265.png, 118, 3, 2, 251, 245, 309, 340
20, person_265.png, 118, 4, 2, 193, 254, 245, 339
20, person_265.png, 118, 5, 2, 42, 205, 117, 338
20, person_and_bike_105.png, 119, 1, 0, 189, 54, 213, 77
20, person_and_bike_105.png, 119, 2, 1, 161, 159, 171, 178
20, person_and_bike_105.png, 119, 3, 2, 160, 181, 270, 326
20, crop001634.png, 120, 1, 2, 84, 202, 143, 294
20, person_032.png, 121, 1, 0, 187, 44, 221, 78
20, person_032.png, 121, 2, 2, 122, 218, 286, 416
20, crop001641.png, 122, 1, 2, 86, 180, 151, 265
20, crop001641.png, 122, 2, 2, 152, 206, 206, 313
20, crop001641.png, 122, 3, 2, 176, 214, 234, 319
20, person_and_bike_103.png, 123, 1, 0, 261, 61, 285, 85
20, person_and_bike_103.png, 123, 2, 1, 203, 158, 212, 178
20, person_and_bike_103.png, 123, 3, 2, 166, 157, 296, 275
20, crop_000027.png, 124, 1, 0, 266, 41, 300, 75
20, crop_000027.png, 124, 2, 0, 72, 33, 100, 62
20, crop_000027.png, 124, 3, 2, 8, 187, 122, 343
20, crop_000027.png, 124, 4, 2, 247, 201, 365, 380
20, person_and_bike_079.png, 125, 1, 0, 207, 60, 227, 80
20, person_and_bike_079.png, 125, 2, 2, 181, 218, 266, 386
20, person_and_bike_050.png, 126, 1, 2, 166, 210, 295, 405
20, person_216.png, 127, 1, 2, 138, 229, 219, 342
20, person_216.png, 127, 2, 2, 220, 257, 284, 401
20, person_218.png, 128, 1, 0, 172, 109, 196, 133
20, person_218.png, 128, 2, 2, 214, 226, 273, 340
20, person_218.png, 128, 3, 2, 136, 257, 226, 416
20, person_161.png, 129, 1, 2, 173, 230, 248, 377
20, person_161.png, 129, 2, 2, 241, 162, 269, 224
20, person_161.png, 129, 3, 2, 275, 162, 303, 215
20, person_099.png, 130, 1, 0, 325, 55, 359, 89
20, person_099.png, 130, 2, 1, 213, 213, 247, 218
20, person_099.png, 130, 3, 2, 168, 219, 292, 358
20, person_099.png, 130, 4, 2, 263, 113, 293, 144
20, person_099.png, 130, 5, 2, 114, 111, 147, 145
20, person_099.png, 130, 6, 2, 294, 109, 313, 141
20, person_099.png, 130, 7, 2, 171, 107, 196, 134
20, person_099.png, 130, 8, 2, 394, 220, 416, 271
20, person_036.png, 131, 1, 0, 230, 62, 258, 91
20, person_036.png, 131, 2, 2, 170, 212, 321, 379
20, person_122.png, 132, 1, 0, 381, 128, 405, 152
20, person_122.png, 132, 2, 2, 183, 224, 247, 301
20, person_122.png, 132, 3, 2, 383, 156, 415, 193
20, person_053.png, 133, 1, 2, 182, 239, 263, 368
20, person_053.png, 133, 2, 2, 297, 172, 316, 191
20, crop_000604.png, 134, 1, 2, 67, 211, 166, 353
20, crop_000604.png, 134, 2, 2, 143, 213, 211, 354
20, crop_000604.png, 134, 3, 2, 271, 198, 349, 332
20, crop_000604.png, 134, 4, 2, 0, 210, 61, 355
20, crop001676.png, 135, 1, 2, 216, 251, 266, 334
20, crop001676.png, 135, 2, 2, 82, 257, 150, 332
20, crop001676.png, 135, 3, 2, 74, 165, 123, 241
20, crop001676.png, 135, 4, 2, 335, 268, 385, 333
20, crop001676.png, 135, 5, 2, 274, 261, 327, 333
20, crop001676.png, 135, 6, 2, 141, 239, 203, 300
20, crop001676.png, 135, 7, 2, 314, 292, 344, 333
20, person_and_bike_049.png, 136, 1, 0, 204, 48, 232, 76
20, person_and_bike_049.png, 136, 2, 1, 200, 182, 215, 201
20, person_and_bike_049.png, 136, 3, 2, 190, 186, 273, 342
20, crop001725.png, 137, 1, 2, 106, 221, 137, 290
20, crop001725.png, 137, 2, 2, 91, 221, 117, 284
20, person_and_bike_100.png, 138, 1, 0, 200, 27, 234, 61
20, person_and_bike_100.png, 138, 2, 1, 144, 173, 163, 202
20, person_and_bike_100.png, 138, 3, 1, 239, 155, 255, 171
20, person_and_bike_100.png, 138, 4, 2, 142, 114, 262, 216
20, person_137.png, 139, 1, 2, 135, 172, 183, 263
20, person_137.png, 139, 2, 2, 71, 155, 115, 253
20, person_137.png, 139, 3, 2, 197, 169, 243, 260
20, person_137.png, 139, 4, 2, 100, 175, 140, 262
20, person_137.png, 139, 5, 2, 240, 176, 284, 255
20, person_137.png, 139, 6, 2, 186, 140, 216, 209
20, person_and_bike_083.png, 140, 1, 0, 179, 51, 203, 75
20, person_and_bike_083.png, 140, 2, 2, 157, 217, 261, 386
20, crop001545.png, 141, 1, 2, 107, 215, 193, 328
20, crop001545.png, 141, 2, 2, 105, 210, 147, 313
20, person_200.png, 142, 1, 2, 232, 245, 270, 305
20, person_200.png, 142, 2, 2, 162, 241, 197, 310
20, person_200.png, 142, 3, 2, 365, 216, 389, 256
20, person_200.png, 142, 4, 2, 310, 245, 342, 305
20, person_200.png, 142, 5, 2, 389, 219, 415, 266
20, person_200.png, 142, 6, 2, 47, 246, 75, 303
20, person_200.png, 142, 7, 2, 333, 214, 363, 256
20, person_200.png, 142, 8, 2, 194, 242, 227, 310
20, person_200.png, 142, 9, 2, 269, 237, 300, 301
20, person_200.png, 142, 10, 2, 70, 236, 96, 293
20, person_200.png, 142, 11, 2, 121, 237, 150, 300
20, person_200.png, 142, 12, 2, 144, 239, 171, 306
20, person_200.png, 142, 13, 2, 91, 228, 111, 286
20, person_200.png, 142, 14, 2, 219, 241, 241, 301
20, person_200.png, 142, 15, 2, 99, 233, 132, 295
20, person_200.png, 142, 16, 2, 294, 240, 319, 298
20, person_and_bike_054.png, 143, 1, 0, 172, 59, 196, 82
20, person_and_bike_054.png, 143, 2, 1, 221, 180, 234, 203
20, person_and_bike_054.png, 143, 3, 1, 154, 184, 167, 205
20, person_and_bike_054.png, 143, 4, 2, 135, 209, 240, 364
20, crop001688.png, 144, 1, 0, 230, 92, 253, 116
20, crop001688.png, 144, 2, 2, 324, 173, 392, 215
20, crop001688.png, 144, 3, 2, 202, 243, 271, 386
20, person_272.png, 145, 1, 0, 141, 74, 169, 102
20, person_272.png, 145, 2, 0, 218, 59, 247, 88
20, person_272.png, 145, 3, 0, 57, 77, 86, 105
20, person_272.png, 145, 4, 0, 305, 59, 333, 88
20, person_272.png, 145, 5, 1, 139, 203, 161, 223
20, person_272.png, 145, 6, 2, 23, 233, 120, 412
20, person_272.png, 145, 7, 2, 192, 224, 287, 407
20, person_272.png, 145, 8, 2, 110, 230, 193, 407
20, person_272.png, 145, 9, 2, 281, 211, 385, 386
20, person_350.png, 146, 1, 0, 335, 106, 355, 126
20, person_350.png, 146, 2, 0, 60, 77, 88, 105
20, person_350.png, 146, 3, 0, 117, 83, 141, 106
20, person_350.png, 146, 4, 2, 94, 245, 171, 412
20, person_350.png, 146, 5, 2, 164, 234, 267, 407
20, person_350.png, 146, 6, 2, 314, 235, 380, 383
20, person_350.png, 146, 7, 2, 16, 241, 118, 416
20, person_070.png, 147, 1, 2, 132, 242, 205, 359
20, person_070.png, 147, 2, 2, 179, 109, 187, 119
20, person_070.png, 147, 3, 2, 190, 104, 195, 112
20, person_and_bike_071.png, 148, 1, 0, 189, 63, 213, 87
20, person_and_bike_071.png, 148, 2, 2, 168, 215, 264, 402
20, crop001706.png, 149, 1, 0, 280, 61, 304, 85
20, crop001706.png, 149, 2, 1, 221, 201, 240, 229
20, crop001706.png, 149, 3, 2, 224, 212, 337, 389
20, crop001706.png, 149, 4, 2, 0, 155, 27, 184
20, crop001706.png, 149, 5, 2, 208, 139, 255, 204
20, crop001706.png, 149, 6, 2, 315, 126, 339, 158
20, person_and_bike_111.png, 150, 1, 0, 210, 32, 234, 56
20, person_and_bike_111.png, 150, 2, 2, 122, 158, 314, 336
20, person_and_bike_038.png, 151, 1, 2, 197, 201, 248, 288
20, person_and_bike_038.png, 151, 2, 2, 35, 161, 51, 186
20, person_and_bike_038.png, 151, 3, 2, 174, 170, 206, 232
20, person_and_bike_038.png, 151, 4, 2, 51, 176, 94, 241
20, person_and_bike_038.png, 151, 5, 2, 293, 245, 415, 398
20, person_and_bike_038.png, 151, 6, 2, 299, 220, 414, 328
20, person_and_bike_038.png, 151, 7, 2, 84, 165, 101, 196
20, crop_000026.png, 152, 1, 2, 146, 189, 202, 279
20, crop_000026.png, 152, 2, 2, 213, 213, 267, 314
20, crop_000026.png, 152, 3, 2, 295, 194, 367, 319
20, crop_000026.png, 152, 4, 2, 56, 239, 120, 304
20, crop001573.png, 153, 1, 2, 308, 228, 354, 305
20, crop001573.png, 153, 2, 2, 121, 233, 162, 307
20, crop001573.png, 153, 3, 2, 225, 225, 266, 305
20, crop001573.png, 153, 4, 2, 201, 222, 230, 295
20, crop001573.png, 153, 5, 2, 89, 230, 126, 308
20, person_and_bike_088.png, 154, 1, 0, 218, 59, 241, 82
20, person_and_bike_088.png, 154, 2, 2, 184, 228, 287, 383
20, crop001522.png, 155, 1, 2, 212, 217, 313, 345
20, crop001522.png, 155, 2, 2, 387, 114, 409, 146
20, crop001522.png, 155, 3, 2, 363, 120, 391, 162
20, person_and_bike_059.png, 156, 1, 0, 197, 64, 217, 84
20, person_and_bike_059.png, 156, 2, 2, 150, 190, 252, 324
20, person_and_bike_090.png, 157, 1, 0, 110, 66, 133, 89
20, person_and_bike_090.png, 157, 2, 1, 143, 177, 164, 192
20, person_and_bike_090.png, 157, 3, 2, 85, 205, 171, 360
20, person_335.png, 158, 1, 2, 170, 233, 233, 327
20, person_335.png, 158, 2, 2, 115, 184, 146, 239
20, person_335.png, 158, 3, 2, 144, 189, 171, 239
20, person_335.png, 158, 4, 2, 202, 218, 240, 304
20, person_and_bike_069.png, 159, 1, 0, 208, 51, 232, 75
20, person_and_bike_069.png, 159, 2, 2, 186, 170, 276, 293
20, person_051.png, 160, 1, 0, 208, 104, 232, 128
20, person_051.png, 160, 2, 0, 252, 62, 286, 96
20, person_051.png, 160, 3, 1, 216, 200, 226, 225
20, person_051.png, 160, 4, 2, 182, 239, 261, 379
20, person_and_bike_113.png, 161, 1, 0, 176, 24, 210, 58
20, person_and_bike_113.png, 161, 2, 2, 113, 167, 247, 319
20, person_and_bike_097.png, 162, 1, 2, 165, 218, 309, 413
20, person_105.png, 163, 1, 0, 155, 86, 175, 106
20, person_105.png, 163, 2, 2, 94, 200, 201, 322
20, person_105.png, 163, 3, 2, 194, 205, 307, 328
20, person_105.png, 163, 4, 2, 157, 108, 202, 131
20, person_105.png, 163, 5, 2, 186, 184, 222, 274
20, person_064.png, 164, 1, 0, 189, 128, 213, 152
20, person_064.png, 164, 2, 2, 144, 267, 240, 412
20, person_and_bike_112.png, 165, 1, 2, 121, 157, 237, 317
20, person_and_bike_048.png, 166, 1, 0, 160, 59, 184, 82
20, person_and_bike_048.png, 166, 2, 1, 82, 154, 96, 175
20, person_and_bike_048.png, 166, 3, 2, 80, 172, 248, 292
20, person_and_bike_027.png, 167, 1, 2, 196, 203, 246, 284
20, person_and_bike_027.png, 167, 2, 2, 155, 196, 201, 282
20, person_and_bike_027.png, 167, 3, 2, 207, 132, 230, 151
20, person_and_bike_159.png, 168, 1, 2, 164, 209, 263, 392
20, person_138.png, 169, 1, 0, 235, 72, 255, 92
20, person_138.png, 169, 2, 0, 151, 84, 171, 104
20, person_138.png, 169, 3, 1, 220, 189, 227, 212
20, person_138.png, 169, 4, 2, 216, 194, 285, 318
20, person_138.png, 169, 5, 2, 106, 197, 201, 325
20, person_138.png, 169, 6, 2, 303, 184, 376, 318
20, person_138.png, 169, 7, 2, 58, 61, 65, 75
20, person_059.png, 170, 1, 0, 195, 134, 224, 163
20, person_059.png, 170, 2, 2, 195, 236, 262, 360
20, person_and_bike_136.png, 171, 1, 2, 251, 229, 298, 322
20, person_and_bike_136.png, 171, 2, 2, 210, 231, 257, 324
20, person_and_bike_136.png, 171, 3, 2, 128, 231, 180, 312
20, person_and_bike_136.png, 171, 4, 2, 73, 230, 119, 313
20, person_and_bike_136.png, 171, 5, 2, 46, 217, 79, 270
20, person_and_bike_136.png, 171, 6, 2, 214, 52, 250, 108
20, person_and_bike_136.png, 171, 7, 2, 157, 157, 174, 177
20, person_and_bike_153.png, 172, 1, 0, 275, 132, 295, 152
20, person_and_bike_153.png, 172, 2, 2, 243, 241, 308, 360
20, person_and_bike_153.png, 172, 3, 2, 160, 186, 173, 206
20, person_and_bike_153.png, 172, 4, 2, 47, 190, 72, 214
20, person_and_bike_153.png, 172, 5, 2, 408, 183, 416, 195
20, crop_000017.png, 173, 1, 0, 325, 59, 353, 88
20, crop_000017.png, 173, 2, 1, 314, 182, 343, 199
20, crop_000017.png, 173, 3, 2, 260, 213, 366, 406
20, person_and_bike_062.png, 174, 1, 0, 191, 51, 215, 75
20, person_and_bike_062.png, 174, 2, 2, 171, 209, 272, 370
20, person_038.png, 175, 1, 0, 213, 142, 237, 166
20, person_038.png, 175, 2, 2, 188, 238, 297, 348
20, person_038.png, 175, 3, 2, 203, 109, 226, 124
20, person_038.png, 175, 4, 2, 369, 97, 384, 112
20, person_038.png, 175, 5, 2, 350, 97, 359, 113
20, person_092.png, 176, 1, 0, 178, 77, 207, 105
20, person_092.png, 176, 2, 0, 213, 92, 237, 116
20, person_092.png, 176, 3, 1, 184, 70, 212, 98
20, person_092.png, 176, 4, 2, 171, 206, 283, 346
20, person_092.png, 176, 5, 2, 136, 197, 206, 316
20, crop_000025.png, 177, 1, 0, 174, 61, 198, 85
20, crop_000025.png, 177, 2, 1, 192, 173, 214, 192
20, crop_000025.png, 177, 3, 1, 145, 200, 153, 228
20, crop_000025.png, 177, 4, 2, 124, 211, 238, 382
20, crop_000025.png, 177, 5, 2, 15, 316, 53, 343
20, crop_000015.png, 178, 1, 0, 193, 80, 221, 108
20, crop_000015.png, 178, 2, 2, 114, 218, 283, 370
20, person_303.png, 179, 1, 0, 172, 145, 196, 169
20, person_303.png, 179, 2, 0, 97, 136, 117, 156
20, person_303.png, 179, 3, 0, 245, 130, 265, 150
20, person_303.png, 179, 4, 2, 304, 177, 342, 245
20, person_303.png, 179, 5, 2, 251, 245, 302, 378
20, person_303.png, 179, 6, 2, 160, 271, 231, 416
20, person_303.png, 179, 7, 2, 133, 208, 173, 302
20, person_303.png, 179, 8, 2, 84, 225, 148, 339
20, person_303.png, 179, 9, 2, 72, 199, 111, 288
20, crop001511.png, 180, 1, 0, 184, 116, 208, 140
20, crop001511.png, 180, 2, 2, 163, 220, 249, 327
20, crop_000006.png, 181, 1, 2, 121, 196, 312, 362
20, person_071.png, 182, 1, 0, 162, 83, 186, 106
20, person_071.png, 182, 2, 2, 128, 226, 212, 373
20, person_and_bike_052.png, 183, 1, 0, 196, 47, 220, 70
20, person_and_bike_052.png, 183, 2, 2, 164, 215, 272, 370
20, crop001520.png, 184, 1, 0, 179, 110, 199, 130
20, crop001520.png, 184, 2, 2, 152, 217, 243, 334
20, crop001520.png, 184, 3, 2, 101, 214, 155, 316
20, person_and_bike_063.png, 185, 1, 0, 201, 51, 225, 75
20, person_and_bike_063.png, 185, 2, 2, 157, 179, 281, 311
20, crop001719.png, 186, 1, 2, 238, 280, 275, 355
20, crop001719.png, 186, 2, 2, 300, 290, 340, 363
20, crop001719.png, 186, 3, 2, 109, 270, 152, 356
20, crop001719.png, 186, 4, 2, 138, 270, 183, 356
20, crop001719.png, 186, 5, 2, 268, 288, 320, 359
20, crop001719.png, 186, 6, 2, 48, 227, 60, 250
20, crop001719.png, 186, 7, 2, 55, 227, 66, 249
20, crop001719.png, 186, 8, 2, 282, 99, 289, 107
20, crop001719.png, 186, 9, 2, 5, 220, 14, 238
20, crop_000002.png, 187, 1, 0, 207, 68, 235, 96
20, crop_000002.png, 187, 2, 2, 128, 211, 276, 368
20, person_and_bike_140.png, 188, 1, 2, 160, 224, 228, 322
20, person_and_bike_141.png, 189, 1, 0, 204, 20, 238, 54
20, person_and_bike_141.png, 189, 2, 0, 170, 61, 193, 85
20, person_and_bike_141.png, 189, 3, 2, 136, 212, 222, 368
20, person_and_bike_141.png, 189, 4, 2, 190, 49, 260, 92
20, person_282.png, 190, 1, 0, 185, 128, 205, 148
20, person_282.png, 190, 2, 2, 169, 245, 228, 368
20, person_282.png, 190, 3, 2, 54, 161, 82, 200
20, person_282.png, 190, 4, 2, 319, 136, 333, 157
20, person_282.png, 190, 5, 2, 358, 124, 366, 134
20, person_and_bike_012.png, 191, 1, 2, 2, 131, 43, 197
20, person_and_bike_012.png, 191, 2, 2, 136, 229, 203, 373
20, person_and_bike_012.png, 191, 3, 2, 218, 225, 303, 375
20, person_and_bike_028.png, 192, 1, 2, 164, 247, 235, 367
20, person_and_bike_028.png, 192, 2, 2, 305, 154, 337, 206
20, person_and_bike_028.png, 192, 3, 2, 286, 154, 310, 197
20, person_and_bike_028.png, 192, 4, 2, 220, 138, 234, 165
20, person_and_bike_028.png, 192, 5, 2, 260, 127, 271, 149
20, person_and_bike_028.png, 192, 6, 2, 247, 128, 260, 150
20, person_and_bike_028.png, 192, 7, 2, 46, 141, 62, 170
20, person_and_bike_028.png, 192, 8, 2, 75, 136, 85, 158
20, person_250.png, 193, 1, 0, 170, 97, 193, 121
20, person_250.png, 193, 2, 0, 107, 100, 127, 120
20, person_250.png, 193, 3, 0, 29, 138, 49, 158
20, person_250.png, 193, 4, 2, 72, 221, 140, 352
20, person_250.png, 193, 5, 2, 137, 233, 228, 401
20, person_250.png, 193, 6, 2, 211, 215, 258, 345
20, person_250.png, 193, 7, 2, 229, 209, 298, 337
20, crop001670.png, 194, 1, 2, 303, 211, 377, 300
20, crop001670.png, 194, 2, 2, 64, 207, 128, 287
20, crop001670.png, 194, 3, 2, 218, 211, 274, 292
20, crop001670.png, 194, 4, 2, 146, 211, 209, 289
20, crop001670.png, 194, 5, 2, 116, 204, 167, 289
20, person_and_bike_081.png, 195, 1, 0, 215, 54, 239, 77
20, person_and_bike_081.png, 195, 2, 2, 176, 225, 275, 407
20, person_029.png, 196, 1, 0, 114, 65, 148, 99
20, person_029.png, 196, 2, 2, 62, 214, 219, 394
20, person_and_bike_014.png, 197, 1, 0, 234, 73, 258, 97
20, person_and_bike_014.png, 197, 2, 2, 153, 198, 206, 239
20, person_and_bike_014.png, 197, 3, 2, 198, 192, 288, 327
20, person_and_bike_014.png, 197, 4, 2, 354, 124, 376, 163
20, person_and_bike_014.png, 197, 5, 2, 369, 117, 384, 147
20, person_248.png, 198, 1, 2, 235, 258, 316, 374
20, person_248.png, 198, 2, 2, 165, 244, 245, 375
20, crop001501.png, 199, 1, 2, 94, 152, 118, 201
20, crop001501.png, 199, 2, 2, 323, 173, 348, 221
20, crop001501.png, 199, 3, 2, 220, 258, 236, 296
20, crop001501.png, 199, 4, 2, 86, 283, 107, 319
20, person_and_bike_101.png, 200, 1, 1, 194, 158, 206, 173
20, person_and_bike_101.png, 200, 2, 2, 122, 178, 234, 325
20, person_127.png, 201, 1, 0, 233, 82, 253, 102
20, person_127.png, 201, 2, 0, 183, 110, 203, 130
20, person_127.png, 201, 3, 2, 216, 216, 296, 346
20, person_127.png, 201, 4, 2, 157, 224, 220, 349
20, person_127.png, 201, 5, 2, 81, 111, 101, 144
20, person_127.png, 201, 6, 2, 2, 103, 16, 130
20, person_127.png, 201, 7, 2, 61, 109, 80, 141
20, person_127.png, 201, 8, 2, 97, 111, 114, 142
20, person_127.png, 201, 9, 2, 280, 90, 294, 103
20, crop_000024.png, 202, 1, 0, 111, 82, 131, 102
20, crop_000024.png, 202, 2, 2, 80, 214, 153, 357
20, crop_000024.png, 202, 3, 2, 107, 48, 114, 55
20, crop_000024.png, 202, 4, 2, 256, 28, 264, 35
20, crop_000024.png, 202, 5, 2, 124, 48, 131, 55
20, person_104.png, 203, 1, 2, 238, 231, 334, 328
20, person_104.png, 203, 2, 2, 127, 231, 247, 333
20, person_104.png, 203, 3, 2, 235, 148, 267, 180
20, person_104.png, 203, 4, 2, 208, 142, 225, 162
20, person_104.png, 203, 5, 2, 230, 145, 242, 163
20, crop_000004.png, 204, 1, 0, 184, 75, 208, 99
20, crop_000004.png, 204, 2, 1, 156, 236, 172, 260
20, crop_000004.png, 204, 3, 2, 159, 243, 265, 391
20, crop_000004.png, 204, 4, 2, 396, 160, 409, 170
20, person_198.png, 205, 1, 0, 164, 97, 192, 125
20, person_198.png, 205, 2, 0, 243, 112, 263, 132
20, person_198.png, 205, 3, 2, 201, 235, 278, 373
20, person_198.png, 205, 4, 2, 0, 135, 19, 184
20, person_198.png, 205, 5, 2, 120, 237, 196, 383
20, person_198.png, 205, 6, 2, 305, 115, 325, 141
20, crop_000005.png, 206, 1, 2, 38, 228, 133, 378
20, crop_000005.png, 206, 2, 2, 58, 27, 65, 40
20, crop_000005.png, 206, 3, 2, 65, 26, 73, 39
20, crop_000005.png, 206, 4, 2, 31, 143, 39, 153
20, crop_000005.png, 206, 5, 2, 150, 229, 234, 384
20, person_316.png, 207, 1, 0, 215, 178, 235, 198
20, person_316.png, 207, 2, 0, 189, 190, 209, 210
20, person_316.png, 207, 3, 2, 209, 292, 274, 409
20, person_316.png, 207, 4, 2, 182, 289, 228, 398
20, person_316.png, 207, 5, 2, 362, 293, 371, 306
20, person_095.png, 208, 1, 1, 144, 236, 161, 259
20, person_095.png, 208, 2, 2, 300, 138, 346, 196
20, person_095.png, 208, 3, 2, 133, 222, 311, 376
20, person_095.png, 208, 4, 2, 237, 122, 280, 163
20, person_095.png, 208, 5, 2, 355, 103, 410, 144
20, person_and_bike_061.png, 209, 1, 2, 183, 188, 266, 320
20, crop001683.png, 210, 1, 2, 124, 196, 202, 295
20, crop001683.png, 210, 2, 2, 92, 215, 142, 312
20, person_118.png, 211, 1, 2, 116, 197, 163, 253
20, person_118.png, 211, 2, 2, 184, 195, 224, 254
20, person_118.png, 211, 3, 2, 157, 192, 192, 250
20, person_and_bike_072.png, 212, 1, 0, 270, 56, 294, 80
20, person_and_bike_072.png, 212, 2, 2, 245, 202, 323, 354
20, person_132.png, 213, 1, 2, 248, 224, 284, 289
20, person_132.png, 213, 2, 2, 297, 221, 330, 286
20, person_132.png, 213, 3, 2, 128, 225, 161, 288
20, person_132.png, 213, 4, 2, 190, 226, 224, 289
20, person_132.png, 213, 5, 2, 67, 240, 97, 288
20, person_132.png, 213, 6, 2, 154, 223, 184, 284
20, person_132.png, 213, 7, 2, 93, 230, 107, 257
20, person_132.png, 213, 8, 2, 115, 214, 137, 256
20, person_132.png, 213, 9, 2, 176, 222, 201, 285
20, crop001512.png, 214, 1, 2, 164, 208, 221, 293
20, crop001512.png, 214, 2, 2, 101, 186, 145, 257
20, crop001512.png, 214, 3, 2, 274, 225, 320, 331
20, crop001512.png, 214, 4, 2, 168, 139, 183, 160
20, person_and_bike_055.png, 215, 1, 0, 181, 70, 201, 90
20, person_and_bike_055.png, 215, 2, 2, 132, 206, 233, 342
20, person_and_bike_163.png, 216, 1, 0, 146, 51, 175, 79
20, person_and_bike_163.png, 216, 2, 1, 193, 194, 204, 215
20, person_and_bike_163.png, 216, 3, 1, 165, 204, 180, 222
20, person_and_bike_163.png, 216, 4, 2, 101, 215, 211, 382
20, person_217.png, 217, 1, 2, 279, 251, 333, 340
20, person_217.png, 217, 2, 2, 149, 282, 213, 382
20, person_217.png, 217, 3, 2, 230, 253, 280, 341
20, person_217.png, 217, 4, 2, 28, 257, 76, 344
20, person_217.png, 217, 5, 2, 104, 251, 143, 329
20, person_217.png, 217, 6, 2, 389, 297, 416, 415
20, person_217.png, 217, 7, 2, 149, 199, 189, 246
20, person_325.png, 218, 1, 2, 141, 225, 216, 349
20, person_325.png, 218, 2, 2, 86, 218, 150, 338
20, person_337.png, 219, 1, 2, 46, 200, 87, 274
20, person_337.png, 219, 2, 2, 165, 221, 216, 309
20, person_337.png, 219, 3, 2, 201, 250, 252, 348
20, person_337.png, 219, 4, 2, 119, 219, 165, 309
20, person_337.png, 219, 5, 2, 84, 210, 124, 274
20, person_337.png, 219, 6, 2, 0, 296, 35, 416
20, person_251.png, 220, 1, 0, 165, 78, 189, 101
20, person_251.png, 220, 2, 0, 242, 78, 265, 101
20, person_251.png, 220, 3, 1, 267, 202, 283, 219
20, person_251.png, 220, 4, 2, 209, 225, 299, 378
20, person_251.png, 220, 5, 2, 300, 159, 344, 235
20, person_251.png, 220, 6, 2, 136, 224, 216, 380
20, person_251.png, 220, 7, 2, 264, 109, 302, 154
20, person_164.png, 221, 1, 0, 179, 138, 199, 158
20, person_164.png, 221, 2, 2, 154, 235, 223, 337
20, person_and_bike_077.png, 222, 1, 0, 265, 34, 285, 54
20, person_and_bike_077.png, 222, 2, 2, 241, 154, 313, 284
20, person_and_bike_077.png, 222, 3, 2, 342, 77, 349, 83
20, crop001521.png, 223, 1, 2, 138, 227, 175, 302
20, crop001521.png, 223, 2, 2, 252, 225, 299, 309
20, crop001521.png, 223, 3, 2, 66, 258, 80, 276
20, crop001521.png, 223, 4, 2, 194, 228, 234, 299
20, crop001521.png, 223, 5, 2, 95, 241, 148, 337
20, crop001521.png, 223, 6, 2, 218, 204, 259, 278
20, crop001521.png, 223, 7, 2, 290, 230, 335, 312
20, person_and_bike_060.png, 224, 1, 0, 179, 44, 203, 68
20, person_and_bike_060.png, 224, 2, 2, 156, 207, 243, 361
20, person_and_bike_045.png, 225, 1, 0, 153, 51, 177, 75
20, person_and_bike_045.png, 225, 2, 2, 119, 218, 227, 397
20, person_and_bike_092.png, 226, 1, 0, 204, 51, 232, 79
20, person_and_bike_092.png, 226, 2, 1, 249, 168, 263, 188
20, person_and_bike_092.png, 226, 3, 1, 191, 201, 203, 223
20, person_and_bike_092.png, 226, 4, 2, 145, 166, 265, 304
20, person_and_bike_067.png, 227, 1, 0, 184, 61, 208, 85
20, person_and_bike_067.png, 227, 2, 1, 237, 164, 246, 184
20, person_and_bike_067.png, 227, 3, 2, 145, 154, 247, 258
20, person_055.png, 228, 1, 0, 196, 140, 220, 164
20, person_055.png, 228, 2, 2, 171, 275, 255, 414
20, crop001664.png, 229, 1, 2, 245, 210, 262, 245
20, crop001664.png, 229, 2, 2, 276, 209, 310, 252
20, crop001664.png, 229, 3, 2, 261, 203, 276, 228
20, crop001664.png, 229, 4, 2, 230, 212, 249, 246
20, crop001664.png, 229, 5, 2, 98, 215, 118, 260
20, person_and_bike_109.png, 230, 1, 2, 113, 183, 244, 326
20, crop001546.png, 231, 1, 2, 119, 210, 205, 320
20, crop001546.png, 231, 2, 2, 168, 209, 209, 318
20, crop001716.png, 232, 1, 2, 21, 231, 78, 320
20, crop001716.png, 232, 2, 2, 101, 238, 144, 324
20, person_and_bike_177.png, 233, 1, 0, 146, 97, 175, 125
20, person_and_bike_177.png, 233, 2, 2, 58, 236, 245, 392
20, person_and_bike_160.png, 234, 1, 0, 213, 54, 241, 82
20, person_and_bike_160.png, 234, 2, 2, 164, 217, 278, 402
20, crop001653.png, 235, 1, 2, 126, 202, 182, 288
20, person_058.png, 236, 1, 2, 200, 218, 262, 332
20, person_058.png, 236, 2, 2, 37, 204, 43, 214
20, person_306.png, 237, 1, 2, 93, 263, 171, 405
20, person_306.png, 237, 2, 2, 161, 253, 235, 384
20, person_306.png, 237, 3, 2, 273, 183, 296, 223
20, person_306.png, 237, 4, 2, 143, 146, 170, 176
20, person_306.png, 237, 5, 2, 384, 225, 416, 330
20, person_306.png, 237, 6, 2, 232, 135, 248, 146
20, person_and_bike_044.png, 238, 1, 0, 211, 74, 231, 94
20, person_and_bike_044.png, 238, 2, 2, 179, 198, 263, 326
20, person_190.png, 239, 1, 2, 80, 215, 135, 315
20, person_190.png, 239, 2, 2, 167, 220, 217, 317
20, person_190.png, 239, 3, 2, 228, 237, 307, 361
20, person_190.png, 239, 4, 2, 282, 214, 341, 319
20, person_190.png, 239, 5, 2, 215, 218, 251, 313
20, crop001661.png, 240, 1, 2, 96, 193, 165, 274
20, crop001661.png, 240, 2, 2, 20, 223, 30, 237
20, crop001661.png, 240, 3, 2, 33, 223, 45, 237
20, crop001724.png, 241, 1, 2, 143, 199, 186, 274
20, crop001724.png, 241, 2, 2, 101, 85, 118, 114
20, crop001724.png, 241, 3, 2, 83, 85, 101, 111
20, crop001724.png, 241, 4, 2, 55, 238, 101, 356
20, crop001724.png, 241, 5, 2, 0, 277, 86, 414
20, person_and_bike_043.png, 242, 1, 0, 217, 46, 237, 66
20, person_and_bike_043.png, 242, 2, 2, 189, 192, 269, 335
20, person_and_bike_126.png, 243, 1, 0, 201, 136, 221, 156
20, person_and_bike_126.png, 243, 2, 0, 249, 132, 269, 152
20, person_and_bike_126.png, 243, 3, 2, 229, 240, 302, 357
20, person_and_bike_126.png, 243, 4, 2, 77, 189, 114, 255
20, person_and_bike_126.png, 243, 5, 2, 172, 238, 243, 351
20, person_and_bike_126.png, 243, 6, 2, 312, 161, 329, 187
20, person_and_bike_126.png, 243, 7, 2, 328, 160, 344, 187
20, person_and_bike_126.png, 243, 8, 2, 341, 165, 365, 200
20, person_and_bike_126.png, 243, 9, 2, 382, 156, 394, 177
20, person_and_bike_126.png, 243, 10, 2, 229, 149, 249, 169
20, person_206.png, 244, 1, 2, 193, 276, 262, 393
20, person_206.png, 244, 2, 2, 4, 187, 17, 214
20, person_206.png, 244, 3, 2, 182, 260, 217, 362
20, crop_000003.png, 245, 1, 0, 237, 50, 257, 70
20, crop_000003.png, 245, 2, 1, 225, 96, 236, 114
20, crop_000003.png, 245, 3, 1, 269, 208, 277, 232
20, crop_000003.png, 245, 4, 2, 196, 203, 285, 365
20, crop_000003.png, 245, 5, 2, 43, 113, 47, 118
20, person_and_bike_064.png, 246, 1, 0, 182, 49, 205, 73
20, person_and_bike_064.png, 246, 2, 2, 137, 180, 272, 321
20, person_222.png, 247, 1, 2, 253, 227, 337, 382
20, person_222.png, 247, 2, 2, 0, 118, 10, 154
20, person_222.png, 247, 3, 2, 102, 232, 175, 390
20, person_222.png, 247, 4, 2, 76, 121, 121, 173
20, person_222.png, 247, 5, 2, 200, 156, 249, 242
20, crop001722.png, 248, 1, 2, 42, 252, 88, 361
20, crop001722.png, 248, 2, 2, 74, 238, 128, 346
20, person_and_bike_004.png, 249, 1, 0, 170, 22, 219, 71
20, person_and_bike_004.png, 249, 2, 2, 121, 216, 288, 416
20, person_293.png, 250, 1, 2, 112, 162, 147, 227
20, person_293.png, 250, 2, 2, 161, 217, 248, 351
20, person_293.png, 250, 3, 2, 75, 165, 108, 226
20, person_280.png, 251, 1, 2, 159, 246, 231, 351
20, person_280.png, 251, 2, 2, 221, 210, 259, 289
20, person_280.png, 251, 3, 2, 324, 197, 356, 260
20, person_280.png, 251, 4, 2, 298, 199, 330, 260
20, person_280.png, 251, 5, 2, 394, 154, 411, 171
20, person_and_bike_042.png, 252, 1, 0, 217, 60, 237, 80
20, person_and_bike_042.png, 252, 2, 2, 175, 209, 274, 356
20, person_315.png, 253, 1, 2, 216, 260, 269, 344
20, person_315.png, 253, 2, 2, 337, 224, 374, 290
20, person_315.png, 253, 3, 2, 308, 228, 339, 286
20, person_315.png, 253, 4, 2, 327, 352, 415, 415
20, person_323.png, 254, 1, 2, 160, 227, 250, 366
20, person_323.png, 254, 2, 2, 87, 219, 169, 361
20, crop001638.png, 255, 1, 2, 195, 232, 258, 340
20, crop001638.png, 255, 2, 2, 257, 212, 292, 303
20, crop001638.png, 255, 3, 2, 132, 240, 204, 340
20, person_236.png, 256, 1, 2, 135, 210, 172, 281
20, person_236.png, 256, 2, 2, 204, 240, 264, 354
20, person_236.png, 256, 3, 2, 95, 221, 129, 280
20, person_236.png, 256, 4, 2, 285, 217, 321, 293
20, person_236.png, 256, 5, 2, 347, 224, 397, 316
20, person_236.png, 256, 6, 2, 241, 200, 273, 268
20, person_236.png, 256, 7, 2, 308, 228, 347, 313
20, person_236.png, 256, 8, 2, 327, 211, 360, 292
20, person_236.png, 256, 9, 2, 275, 155, 291, 181
20, person_236.png, 256, 10, 2, 61, 207, 102, 282
20, person_236.png, 256, 11, 2, 288, 154, 302, 174
20, person_236.png, 256, 12, 2, 270, 157, 282, 180
20, person_and_bike_053.png, 257, 1, 0, 194, 35, 217, 58
20, person_and_bike_053.png, 257, 2, 2, 166, 151, 247, 275
20, crop_000013.png, 258, 1, 0, 166, 79, 200, 113
20, crop_000013.png, 258, 2, 1, 140, 231, 156, 254
20, crop_000013.png, 258, 3, 2, 109, 204, 281, 346
20, person_028.png, 259, 1, 0, 160, 52, 209, 101
20, person_028.png, 259, 2, 2, 113, 219, 281, 416
20, person_and_bike_051.png, 260, 1, 0, 203, 84, 223, 104
20, person_and_bike_051.png, 260, 2, 2, 150, 194, 261, 311
20, crop001658.png, 261, 1, 2, 94, 177, 122, 234
20, crop001658.png, 261, 2, 2, 125, 174, 152, 232
20, crop001658.png, 261, 3, 2, 152, 174, 183, 236
20, person_and_bike_108.png, 262, 1, 0, 126, 5, 155, 33
20, person_and_bike_108.png, 262, 2, 2, 126, 156, 267, 330
20, crop_000016.png, 263, 1, 0, 275, 71, 299, 94
20, crop_000016.png, 263, 2, 2, 254, 214, 336, 389
20, person_and_bike_070.png, 264, 1, 0, 172, 63, 196, 87
20, person_and_bike_070.png, 264, 2, 2, 116, 202, 234, 349
20, person_007.png, 265, 1, 0, 182, 83, 205, 106
20, person_007.png, 265, 2, 2, 114, 188, 241, 309
20, person_and_bike_057.png, 266, 1, 0, 177, 56, 197, 76
20, person_and_bike_057.png, 266, 2, 1, 210, 175, 219, 195
20, person_and_bike_057.png, 266, 3, 2, 153, 200, 234, 339
20, person_230.png, 267, 1, 0, 282, 128, 306, 152
20, person_230.png, 267, 2, 2, 160, 247, 243, 379
20, person_230.png, 267, 3, 2, 263, 255, 340, 391
20, person_230.png, 267, 4, 2, 92, 199, 143, 278
20, person_230.png, 267, 5, 2, 73, 171, 95, 209
20, person_230.png, 267, 6, 2, 150, 150, 166, 178
20, person_230.png, 267, 7, 2, 149, 163, 166, 203
20, crop001590.png, 268, 1, 0, 263, 78, 287, 101
20, crop001590.png, 268, 2, 2, 48, 237, 122, 288
20, crop001590.png, 268, 3, 2, 214, 218, 331, 393
20, person_and_bike_162.png, 269, 1, 2, 150, 211, 252, 369
20, person_189.png, 270, 1, 2, 172, 239, 242, 367
20, person_189.png, 270, 2, 2, 230, 237, 283, 357
20, person_189.png, 270, 3, 2, 136, 140, 149, 160
20, person_075.png, 271, 1, 2, 169, 233, 219, 308
20, crop001607.png, 272, 1, 2, 69, 229, 112, 345
20, crop001607.png, 272, 2, 2, 106, 226, 152, 341
20, crop001607.png, 272, 3, 2, 287, 186, 334, 277
20, crop001607.png, 272, 4, 2, 223, 186, 267, 272
20, crop001607.png, 272, 5, 2, 181, 182, 214, 270
20, crop001607.png, 272, 6, 2, 263, 186, 297, 275
20, crop001607.png, 272, 7, 2, 148, 193, 178, 269
20, crop001607.png, 272, 8, 2, 0, 217, 45, 287
20, person_040.png, 273, 1, 2, 153, 208, 270, 318
20, person_and_bike_084.png, 274, 1, 0, 227, 62, 256, 91
20, person_and_bike_084.png, 274, 2, 2, 171, 230, 286, 409
20, person_and_bike_076.png, 275, 1, 0, 221, 50, 241, 70
20, person_and_bike_076.png, 275, 2, 2, 194, 184, 277, 334
20, person_and_bike_076.png, 275, 3, 2, 89, 120, 162, 219
20, person_062.png, 276, 1, 0, 269, 146, 289, 166
20, person_062.png, 276, 2, 2, 244, 251, 327, 368
20, person_062.png, 276, 3, 2, 406, 170, 416, 220
20, person_314.png, 277, 1, 2, 288, 247, 390, 390
20, person_314.png, 277, 2, 2, 115, 226, 165, 340
20, person_089.png, 278, 1, 2, 156, 212, 271, 314
20, person_089.png, 278, 2, 2, 146, 134, 165, 149
20, person_and_bike_085.png, 279, 1, 0, 204, 74, 232, 102
20, person_and_bike_085.png, 279, 2, 2, 168, 255, 293, 416
20, person_and_bike_188.png, 280, 1, 2, 223, 238, 264, 312
20, person_and_bike_188.png, 280, 2, 2, 190, 202, 213, 240
20, person_and_bike_188.png, 280, 3, 2, 255, 178, 274, 198
20, person_and_bike_188.png, 280, 4, 2, 274, 178, 296, 193
20, crop_000012.png, 281, 1, 0, 170, 99, 193, 123
20, crop_000012.png, 281, 2, 1, 114, 48, 129, 69
20, crop_000012.png, 281, 3, 2, 77, 220, 269, 375
20, person_and_bike_114.png, 282, 1, 1, 154, 203, 171, 223
20, person_and_bike_114.png, 282, 2, 2, 150, 221, 253, 391
20, person_014.png, 283, 1, 0, 198, 82, 227, 111
20, person_014.png, 283, 2, 1, 160, 224, 178, 253
20, person_014.png, 283, 3, 2, 136, 223, 281, 373
20, person_014.png, 283, 4, 2, 34, 109, 68, 144
20, person_318.png, 284, 1, 2, 139, 209, 198, 320
20, person_318.png, 284, 2, 2, 195, 187, 242, 271
20, person_318.png, 284, 3, 2, 11, 133, 17, 141
20, person_318.png, 284, 4, 2, 19, 132, 26, 141
20, person_318.png, 284, 5, 2, 116, 125, 120, 131
20, person_318.png, 284, 6, 2, 143, 124, 148, 131
20, crop001718.png, 285, 1, 2, 241, 250, 283, 321
20, crop001718.png, 285, 2, 2, 199, 222, 237, 271
20, crop001718.png, 285, 3, 2, 321, 259, 365, 327
20, crop001718.png, 285, 4, 2, 358, 228, 386, 271
20, person_317.png, 286, 1, 2, 213, 232, 261, 333
20, person_317.png, 286, 2, 2, 130, 241, 193, 342
20, person_317.png, 286, 3, 2, 117, 155, 142, 190
20, crop_000001.png, 287, 1, 0, 204, 44, 238, 78
20, crop_000001.png, 287, 2, 2, 116, 200, 284, 372
20, crop_000001.png, 287, 3, 2, 120, 78, 126, 85
20, crop_000001.png, 287, 4, 2, 151, 84, 159, 92
20, person_191.png, 288, 1, 2, 310, 236, 359, 318
20, person_191.png, 288, 2, 2, 255, 243, 309, 333
20, person_191.png, 288, 3, 2, 212, 236, 257, 312
20, person_191.png, 288, 4, 2, 117, 208, 146, 259
20, person_191.png, 288, 5, 2, 144, 204, 174, 257
20, person_191.png, 288, 6, 2, 171, 215, 195, 257
20, person_191.png, 288, 7, 2, 253, 171, 280, 198
